faithfulness,context_precision,answer_relevancy,retriever,tiempo_promedio
0.8,0.747,0.884,embeddings,0.007828521728515624
0.821,0.761,0.875,embeddings,0.007828521728515624
0.754,0.738,0.914,embeddings,0.007828521728515624
0.893,0.81,0.892,embeddings,0.007828521728515624
0.723,0.69,0.879,embeddings,0.007828521728515624
