faithfulness,context_precision,answer_relevancy,retriever,tiempo_promedio
0.937,0.712,0.845,hibrido,7.3979967594146725
0.889,0.785,0.77,hibrido,7.3979967594146725
0.91,0.889,0.881,hibrido,7.3979967594146725
0.81,0.809,0.729,hibrido,7.3979967594146725
0.869,0.707,0.768,hibrido,7.3979967594146725
