faithfulness,context_precision,answer_relevancy,retriever,tiempo_promedio
0.712,0.791,0.62,bm25,11.294188070297242
0.651,0.728,0.603,bm25,11.294188070297242
0.778,0.819,0.729,bm25,11.294188070297242
0.74,0.785,0.796,bm25,11.294188070297242
0.762,0.763,0.673,bm25,11.294188070297242
